,Id,LotFrontage
0,1,65.0
1,2,80.0
2,3,68.0
3,4,60.0
4,5,84.0
5,6,85.0
6,7,75.0
7,8,84.3934495966043
8,9,51.0
9,10,50.0
10,11,70.0
11,12,85.0
12,13,83.04790792122503
13,14,91.0
14,15,86.62709946870544
15,16,51.0
16,17,47.8725271575018
17,18,72.0
18,19,66.0
19,20,70.0
20,21,101.0
21,22,57.0
22,23,75.0
23,24,44.0
24,25,63.44327093969801
25,26,110.0
26,27,60.0
27,28,98.0
28,29,47.0
29,30,60.0
30,31,50.0
31,32,36.67521543806548
32,33,85.0
33,34,70.0
34,35,60.0
35,36,108.0
36,37,112.0
37,38,74.0
38,39,68.0
39,40,65.0
40,41,84.0
41,42,115.0
42,43,39.31573833519618
43,44,39.398773646426704
44,45,70.0
45,46,61.0
46,47,48.0
47,48,84.0
48,49,33.0
49,50,66.0
50,51,98.87065610964638
51,52,52.0
52,53,110.0
53,54,68.0
54,55,60.0
55,56,100.0
56,57,24.0
57,58,89.0
58,59,66.0
59,60,60.0
60,61,63.0
61,62,60.0
62,63,44.0
63,64,50.0
64,65,68.13061425866117
65,66,76.0
66,67,111.82794679372506
67,68,72.0
68,69,47.0
69,70,81.0
70,71,95.0
71,72,69.0
72,73,74.0
73,74,85.0
74,75,60.0
75,76,21.0
76,77,64.39402525328752
77,78,50.0
78,79,72.0
79,80,60.0
80,81,100.0
81,82,32.0
82,83,78.0
83,84,80.0
84,85,64.62237235917148
85,86,121.0
86,87,122.0
87,88,40.0
88,89,105.0
89,90,60.0
90,91,60.0
91,92,85.0
92,93,80.0
93,94,60.0
94,95,69.0
95,96,81.8318102451426
96,97,78.0
97,98,73.0
98,99,85.0
99,100,77.0
100,101,73.22898236821541
101,102,77.0
102,103,64.0
103,104,94.0
104,105,73.49921676315938
105,106,75.0
106,107,60.0
107,108,50.0
108,109,85.0
109,110,105.0
110,111,75.0
111,112,61.383995221180996
112,113,77.0
113,114,128.47689632889015
114,115,61.0
115,116,34.0
116,117,77.43472088204152
117,118,74.0
118,119,90.0
119,120,65.0
120,121,90.27035707180798
121,122,50.0
122,123,75.0
123,124,55.0
124,125,48.0
125,126,60.0
126,127,49.66771280655388
127,128,55.0
128,129,69.0
129,130,69.0
130,131,88.0
131,132,92.04100176093567
132,133,75.0
133,134,57.65986151249193
134,135,78.0
135,136,80.0
136,137,84.2813519264431
137,138,82.0
138,139,73.0
139,140,65.0
140,141,70.0
141,142,78.0
142,143,71.0
143,144,78.0
144,145,70.0
145,146,24.0
146,147,51.0
147,148,40.665062142692214
148,149,63.0
149,150,55.11482922327633
150,151,120.0
151,152,107.0
152,153,62.66111608765834
153,154,85.256647199957
154,155,84.0
155,156,60.0
156,157,60.0
157,158,92.0
158,159,100.0
159,160,134.0
160,161,47.37016352455713
161,162,110.0
162,163,95.0
163,164,55.0
164,165,40.0
165,166,62.0
166,167,73.66491775217568
167,168,86.0
168,169,62.0
169,170,110.49559968191991
170,171,80.515330928694
171,172,141.0
172,173,44.0
173,174,80.0
174,175,47.0
175,176,84.0
176,177,97.0
177,178,85.87941203418592
178,179,63.0
179,180,60.0
180,181,37.99709981310356
181,182,54.0
182,183,60.0
183,184,63.0
184,185,92.0
185,186,90.0
186,187,42.50014252088682
187,188,60.0
188,189,64.0
189,190,41.0
190,191,70.0
191,192,32.22452275610932
192,193,68.0
193,194,24.0
194,195,60.0
195,196,24.0
196,197,79.0
197,198,174.0
198,199,92.0
199,200,76.0
200,201,80.0
201,202,75.0
202,203,50.0
203,204,47.63334768140601
204,205,50.0
205,206,99.0
206,207,40.0
207,208,81.07581927950005
208,209,88.84377264511568
209,210,75.0
210,211,67.0
211,212,83.0
212,213,72.0
213,214,43.0
214,215,65.26361738297496
215,216,72.0
216,217,65.0
217,218,57.0
218,219,106.3064682303399
219,220,43.0
220,221,73.0
221,222,62.70425666974634
222,223,85.0
223,224,70.0
224,225,103.0
225,226,21.0
226,227,82.0
227,228,21.0
228,229,70.0
229,230,43.0
230,231,73.0
231,232,174.0
232,233,21.0
233,234,75.0
234,235,61.80332354289514
235,236,21.0
236,237,65.0
237,238,40.449170333492845
238,239,93.0
239,240,52.0
240,241,75.0
241,242,40.0
242,243,63.0
243,244,75.0
244,245,66.07549030570567
245,246,80.0
246,247,69.0
247,248,75.0
248,249,72.0
249,250,661.3332547630606
250,251,55.0
251,252,44.0
252,253,65.0
253,254,85.0
254,255,70.0
255,256,66.0
256,257,64.0
257,258,68.0
258,259,80.0
259,260,70.0
260,261,120.0
261,262,69.0
262,263,88.0
263,264,50.0
264,265,30.0
265,266,78.0
266,267,70.0
267,268,60.0
268,269,71.0
269,270,74.15934748744206
270,271,84.0
271,272,73.0
272,273,92.0
273,274,80.0
274,275,76.0
275,276,55.0
276,277,129.0
277,278,140.0
278,279,107.0
279,280,83.0
280,281,82.0
281,282,60.0
282,283,34.0
283,284,74.0
284,285,50.0
285,286,35.0
286,287,77.0
287,288,75.02291472423953
288,289,69.97399816797882
289,290,60.0
290,291,120.0
291,292,55.0
292,293,60.0
293,294,110.45408202630463
294,295,80.0
295,296,37.0
296,297,75.0
297,298,66.0
298,299,90.0
299,300,80.0
300,301,90.0
301,302,66.0
302,303,118.0
303,304,70.0
304,305,87.0
305,306,80.0
306,307,116.0
307,308,62.08979536664046
308,309,80.44890267970959
309,310,90.0
310,311,61.11413045968178
311,312,50.0
312,313,65.0
313,314,150.0
314,315,60.0
315,316,71.0
316,317,94.0
317,318,75.0
318,319,90.0
319,320,87.80998302029565
320,321,111.0
321,322,99.0
322,323,86.0
323,324,49.0
324,325,96.0
325,326,50.0
326,327,32.0
327,328,80.0
328,329,78.56400111477666
329,330,60.0
330,331,73.31616944500746
331,332,70.0
332,333,85.0
333,334,59.0
334,335,59.0
335,336,724.9195368977528
336,337,86.0
337,338,70.0
338,339,91.0
339,340,66.0
340,341,85.0
341,342,60.0
342,343,64.68049707703284
343,344,63.0
344,345,36.0
345,346,65.0
346,347,54.228880232198506
347,348,102.27888600221465
348,349,36.0
349,350,56.0
350,351,68.0
351,352,51.091768394157384
352,353,60.0
353,354,60.0
354,355,60.0
355,356,105.0
356,357,67.60334003234733
357,358,44.0
358,359,92.0
359,360,78.0
360,361,32.50684281429311
361,362,67.1715564139486
362,363,64.0
363,364,21.0
364,365,98.06256531903243
365,366,59.0
366,367,68.64958495385194
367,368,101.0
368,369,78.0
369,370,82.10167500664181
370,371,62.924300244507236
371,372,80.0
372,373,50.0
373,374,79.0
374,375,65.0
375,376,70.8085030458456
376,377,57.0
377,378,102.0
378,379,88.0
379,380,60.0
380,381,50.0
381,382,60.0
382,383,79.0
383,384,60.0
384,385,261.77763321281384
385,386,43.0
386,387,58.0
387,388,72.0
388,389,93.0
389,390,96.0
390,391,50.0
391,392,71.0
392,393,63.82938513691995
393,394,72.2038659079632
394,395,60.0
395,396,68.0
396,397,60.0
397,398,69.0
398,399,60.0
399,400,65.0
400,401,38.0
401,402,65.0
402,403,60.0
403,404,93.0
404,405,72.23671039901063
405,406,82.77010926204753
406,407,51.0
407,408,63.0
408,409,109.0
409,410,85.0
410,411,68.0
411,412,100.0
412,413,47.48803588675259
413,414,56.0
414,415,59.0
415,416,73.0
416,417,74.0
417,418,86.0
418,419,60.0
419,420,65.0
420,421,78.0
421,422,89.07399287832807
422,423,100.0
423,424,80.0
424,425,72.0
425,426,60.0
426,427,82.35041130688862
427,428,77.0
428,429,64.0
429,430,130.0
430,431,21.0
431,432,60.0
432,433,24.0
433,434,100.0
434,435,21.0
435,436,43.0
436,437,40.0
437,438,50.0
438,439,40.0
439,440,67.0
440,441,105.0
441,442,92.0
442,443,52.0
443,444,53.0
444,445,70.0
445,446,73.0
446,447,137.0
447,448,87.84771854379414
448,449,50.0
449,450,50.0
450,451,70.0
451,452,62.0
452,453,79.91369455571746
453,454,75.0
454,455,63.0
455,456,80.0
456,457,34.0
457,458,222.1885560237434
458,459,50.3818164831364
459,460,70.41445495094538
460,461,75.0
461,462,60.0
462,463,60.0
463,464,74.0
464,465,60.0
465,466,41.96203592436114
466,467,85.0
467,468,79.0
468,469,98.0
469,470,76.0
470,471,69.60486066644776
471,472,92.0
472,473,35.0
473,474,110.0
474,475,41.0
475,476,80.0
476,477,75.0
477,478,105.0
478,479,79.0
479,480,50.0
480,481,98.0
481,482,72.0
482,483,50.0
483,484,32.0
484,485,73.49921676315938
485,486,80.0
486,487,79.0
487,488,70.0
488,489,60.0
489,490,21.0
490,491,40.27226734081995
491,492,79.0
492,493,105.0
493,494,70.0
494,495,50.0
495,496,60.0
496,497,81.90202062624377
497,498,60.0
498,499,65.0
499,500,70.0
500,501,21.0
501,502,75.0
502,503,70.0
503,504,100.0
504,505,24.0
505,506,60.0
506,507,80.0
507,508,75.0
508,509,60.0
509,510,80.0
510,511,75.0
511,512,40.0
512,513,70.0
513,514,71.0
514,515,55.0
515,516,94.0
516,517,84.66746612366504
517,518,79.0
518,519,40.773008047291896
519,520,53.0
520,521,60.0
521,522,90.0
522,523,50.0
523,524,130.0
524,525,95.0
525,526,62.0
526,527,70.0
527,528,67.0
528,529,58.0
529,530,136.832407844325
530,531,85.0
531,532,60.0
532,533,60.0
533,534,50.0
534,535,74.0
535,536,70.0
536,537,57.0
537,538,72.88210718837564
538,539,77.17315965166537
539,540,76.63343012866696
540,541,85.0
541,542,65.67879393912759
542,543,78.0
543,544,34.0
544,545,58.0
545,546,98.73779961167753
546,547,70.0
547,548,54.0
548,549,49.0
549,550,75.0
550,551,53.0
551,552,50.0
552,553,87.0
553,554,67.0
554,555,85.0
555,556,58.0
556,557,69.0
557,558,60.0
558,559,57.0
559,560,42.476854853990396
560,561,76.2929853526218
561,562,77.0
562,563,63.0
563,564,66.0
564,565,56.611993664514586
565,566,66.0
566,567,77.0
567,568,70.0
568,569,79.0
569,570,70.48503496549132
570,571,74.0
571,572,60.0
572,573,83.0
573,574,76.0
574,575,70.0
575,576,80.0
576,577,52.0
577,578,96.0
578,579,34.0
579,580,81.0
580,581,61.75603119524562
581,582,98.0
582,583,81.0
583,584,75.0
584,585,51.0
585,586,88.0
586,587,55.0
587,588,74.0
588,589,65.0
589,590,50.0
590,591,64.0
591,592,97.0
592,593,60.0
593,594,47.62089238472143
594,595,88.0
595,596,69.0
596,597,60.0
597,598,53.0
598,599,80.0
599,600,24.0
600,601,74.0
601,602,50.0
602,603,80.0
603,604,30.0
604,605,88.0
605,606,85.0
606,607,82.0
607,608,78.0
608,609,78.0
609,610,61.0
610,611,75.08482157421764
611,612,63.1669757744042
612,613,78.55154581809208
613,614,70.0
614,615,21.0
615,616,80.0
616,617,61.84484119851041
617,618,59.0
618,619,90.0
619,620,85.0
620,621,45.0
621,622,90.0
622,623,71.0
623,624,37.99709981310356
624,625,80.0
625,626,87.0
626,627,80.44890267970959
627,628,80.0
628,629,70.0
629,630,82.0
630,631,50.0
631,632,34.0
632,633,85.0
633,634,80.0
634,635,64.0
635,636,60.0
636,637,51.0
637,638,50.0
638,639,67.0
639,640,53.0
640,641,62.0
641,642,58.477759328112604
642,643,75.0
643,644,80.0
644,645,85.0
645,646,85.0079108997102
646,647,60.0
647,648,85.0
648,649,70.0
649,650,21.0
650,651,65.0
651,652,60.0
652,653,70.0
653,654,60.0
654,655,91.0
655,656,21.0
656,657,72.0
657,658,60.0
658,659,78.0
659,660,75.0
660,661,52.61799519432632
661,662,52.0
662,663,120.0
663,664,90.0
664,665,49.0
665,666,106.0
666,667,105.80788672951198
667,668,65.0
668,669,100.14109637147341
669,670,80.0
670,671,64.0
671,672,54.0
672,673,75.9151746865229
673,674,110.0
674,675,80.0
675,676,24.0
676,677,60.0
677,678,52.0
678,679,80.0
679,680,70.49712062873114
680,681,50.0
681,682,55.0
682,683,41.19395929547878
683,684,90.0
684,685,58.0
685,686,22.218767752831035
686,687,84.0
687,688,41.204135953930276
688,689,60.0
689,690,61.0
690,691,47.583526494667694
691,692,104.0
692,693,42.0
693,694,60.0
694,695,51.0
695,696,54.0
696,697,50.0
697,698,57.0
698,699,65.0
699,700,59.0
700,701,85.0
701,702,80.0
702,703,82.0
703,704,76.0
704,705,70.0
705,706,70.0
706,707,479.2741831245726
707,708,48.0
708,709,65.0
709,710,58.94275707100355
710,711,56.0
711,712,66.0
712,713,40.0
713,714,60.0
714,715,57.32194557553557
715,716,78.0
716,717,60.0
717,718,80.0
718,719,96.0
719,720,69.0
720,721,28.450567860681954
721,722,47.583526494667694
722,723,70.0
723,724,60.0
724,725,86.0
725,726,60.0
726,727,131.3623733941509
727,728,64.0
728,729,85.0
729,730,52.0
730,731,39.0
731,732,73.0
732,733,75.0
733,734,80.0
734,735,78.56437074822142
735,736,60.0
736,737,60.0
737,738,72.0
738,739,60.0
739,740,65.0
740,741,60.0
741,742,65.0
742,743,65.0
743,744,70.0
744,745,41.0
745,746,66.42008684731235
746,747,65.72259023297593
747,748,65.0
748,749,59.0
749,750,50.0
750,751,55.0
751,752,61.383995221180996
752,753,79.0
753,754,80.0
754,755,61.0
755,756,34.0
756,757,68.0
757,758,49.42943924307415
758,759,24.0
759,760,65.0
760,761,70.0
761,762,60.0
762,763,72.0
763,764,82.0
764,765,30.0
765,766,75.0
766,767,80.0
767,768,75.0
768,769,70.0
769,770,47.0
770,771,31.311134332573545
771,772,67.0
772,773,94.0
773,774,70.0
774,775,110.0
775,776,32.0
776,777,86.0
777,778,100.0
778,779,60.0
779,780,78.0
780,781,63.0
781,782,65.0
782,783,67.0
783,784,79.07503791228916
784,785,35.0
785,786,69.85359696669457
786,787,60.0
787,788,76.0
788,789,50.0
789,790,79.88011079778047
790,791,43.0
791,792,88.34177864561578
792,793,92.0
793,794,76.0
794,795,86.26174409929112
795,796,70.0
796,797,71.0
797,798,57.0
798,799,104.0
799,800,60.0
800,801,79.0
801,802,40.0
802,803,63.0
803,804,107.0
804,805,75.0
805,806,91.0
806,807,75.0
807,808,144.0
808,809,85.0
809,810,90.0
810,811,78.0
811,812,47.63334768140601
812,813,66.0
813,814,75.0
814,815,45.0
815,816,48.0
816,817,88.72374107727619
817,818,56.275700654030956
818,819,80.0
819,820,44.0
820,821,72.0
821,822,60.0
822,823,92.74680190639515
823,824,60.0
824,825,81.0
825,826,114.0
826,827,50.0
827,828,65.0
828,829,120.34989856506576
829,830,24.0
830,831,80.0
831,832,30.0
832,833,44.0
833,834,100.0
834,835,75.0
835,836,60.0
836,837,90.0
837,838,21.0
838,839,75.0
839,840,70.0
840,841,79.67252251970416
841,842,60.0
842,843,82.0
843,844,80.0
844,845,100.0
845,846,70.31697178311276
846,847,75.0
847,848,36.0
848,849,75.0
849,850,80.0
850,851,36.0
851,852,42.476854853990396
852,853,53.0
853,854,91.50542400349879
854,855,102.0
855,856,69.92454661468528
856,857,74.75268032929554
857,858,65.0
858,859,80.0
859,860,87.07964191491179
860,861,55.0
861,862,75.0
862,863,81.0
863,864,70.0
864,865,72.0
865,866,65.53576078270726
866,867,67.0
867,868,85.0
868,869,102.57818275608932
869,870,80.0
870,871,60.0
871,872,70.0
872,873,74.0
873,874,60.0
874,875,52.0
875,876,75.0
876,877,94.0
877,878,74.0
878,879,88.0
879,880,30.26488941106893
880,881,60.0
881,882,44.0
882,883,81.29623248770571
883,884,60.0
884,885,65.0
885,886,50.0
886,887,70.0
887,888,59.0
888,889,95.0
889,890,128.0
890,891,60.0
891,892,70.0
892,893,70.0
893,894,84.35986583866733
894,895,64.0
895,896,71.0
896,897,50.0
897,898,64.0
898,899,100.0
899,900,65.0
900,901,59.68177134095522
901,902,64.0
902,903,63.0
903,904,50.0
904,905,54.83666093065408
905,906,80.0
906,907,116.0
907,908,86.0
908,909,66.0962491335133
909,910,149.0
910,911,80.0
911,912,39.75582548471796
912,913,51.0
913,914,82.0
914,915,30.0
915,916,21.0
916,917,50.0
917,918,100.36907384391259
918,919,103.0
919,920,87.0
920,921,70.0
921,922,67.0
922,923,65.0
923,924,50.0
924,925,79.0
925,926,106.10303171782513
926,927,93.0
927,928,70.31029117846245
928,929,78.35641283670034
929,930,95.28768243004922
930,931,73.0
931,932,70.0
932,933,84.0
933,934,63.0
934,935,313.0
935,936,52.0
936,937,67.0
937,938,75.0
938,939,73.0
939,940,129.2238444965201
940,941,55.0
941,942,56.35808025350113
942,943,42.0
943,944,100.0
944,945,60.88416042732511
945,946,98.0
946,947,70.0
947,948,85.0
948,949,65.0
949,950,78.0
950,951,60.0
951,952,60.0
952,953,60.0
953,954,75.18861571325581
954,955,35.0
955,956,82.0
956,957,24.0
957,958,70.0
958,959,65.0
959,960,24.0
960,961,50.0
961,962,92.05345705762025
962,963,24.0
963,964,122.0
964,965,80.0
965,966,65.0
966,967,130.0
967,968,59.88935961903154
968,969,50.0
969,970,75.0
970,971,60.0
971,972,36.0
972,973,55.0
973,974,95.0
974,975,60.0
975,976,31.015703265944833
976,977,51.0
977,978,35.0
978,979,68.0
979,980,80.0
980,981,91.61752167366
981,982,98.0
982,983,43.0
983,984,87.9971821040091
984,985,75.0
985,986,68.0
986,987,59.0
987,988,83.0
988,989,79.2199800734978
989,990,65.0
990,991,82.0
991,992,121.0
992,993,80.0
993,994,68.0
994,995,96.0
995,996,51.0
996,997,73.46148123966088
997,998,77.85404920375566
998,999,60.0
999,1000,64.0
1000,1001,74.0
1001,1002,60.0
1002,1003,75.0
1003,1004,89.03512349439066
1004,1005,43.0
1005,1006,65.0
1006,1007,79.67252251970416
1007,1008,21.0
1008,1009,43.0
1009,1010,60.0
1010,1011,115.0
1011,1012,75.0
1012,1013,55.0
1013,1014,60.0
1014,1015,60.0
1015,1016,70.0
1016,1017,73.0
1017,1018,25.34089545509878
1018,1019,64.78201257783792
1019,1020,43.0
1020,1021,60.0
1021,1022,64.0
1022,1023,52.0
1023,1024,43.0
1024,1025,105.63388220937264
1025,1026,70.0
1026,1027,73.0
1027,1028,71.0
1028,1029,79.0
1029,1030,21.0
1030,1031,58.61061582608144
1031,1032,102.0
1032,1033,101.66064256699202
1033,1034,62.94090730675333
1034,1035,50.0
1035,1036,48.947834437937104
1036,1037,89.0
1037,1038,67.57012590785511
1038,1039,21.0
1039,1040,21.0
1040,1041,88.0
1041,1042,67.11343169608723
1042,1043,34.0
1043,1044,86.0
1044,1045,80.0
1045,1046,57.998683362064355
1046,1047,85.0
1047,1048,57.0
1048,1049,100.0
1049,1050,60.0
1050,1051,73.0
1051,1052,103.0
1052,1053,100.0
1053,1054,68.0
1054,1055,90.0
1055,1056,104.0
1056,1057,43.0
1057,1058,144.39211722010396
1058,1059,96.0
1059,1060,88.10097624304726
1060,1061,41.0
1061,1062,120.0
1062,1063,85.0
1063,1064,50.0
1064,1065,46.87195165717397
1065,1066,80.0
1066,1067,59.0
1067,1068,80.0
1068,1069,42.0
1069,1070,60.0
1070,1071,72.0
1071,1072,78.0
1072,1073,50.0
1073,1074,75.0
1074,1075,74.0
1075,1076,75.0
1076,1077,60.0
1077,1078,107.17833899826041
1078,1079,37.0
1079,1080,65.0
1080,1081,80.0
1081,1082,75.0
1082,1083,70.0
1083,1084,80.0
1084,1085,95.39147656908736
1085,1086,73.0
1086,1087,37.4033973378053
1087,1088,85.0
1088,1089,24.0
1089,1090,37.0
1090,1091,60.0
1091,1092,24.0
1092,1093,60.0
1093,1094,71.0
1094,1095,74.0
1095,1096,78.0
1096,1097,60.0
1097,1098,44.55273763475353
1098,1099,50.0
1099,1100,82.0
1100,1101,60.0
1101,1102,61.0
1102,1103,70.0
1103,1104,79.0
1104,1105,24.0
1105,1106,98.0
1106,1107,114.0
1107,1108,168.0
1108,1109,62.6834978419387
1109,1110,107.0
1110,1111,62.42193661156256
1111,1112,80.0
1112,1113,73.0
1113,1114,66.0
1114,1115,90.0
1115,1116,93.0
1116,1117,61.383995221180996
1117,1118,57.0
1118,1119,85.0
1119,1120,70.0
1120,1121,59.0
1121,1122,84.0
1122,1123,78.34847893902207
1123,1124,50.0
1124,1125,67.09267286827959
1125,1126,60.0
1126,1127,53.0
1127,1128,182.0
1128,1129,59.0
1129,1130,60.0
1130,1131,65.0
1131,1132,63.0
1132,1133,90.0
1133,1134,80.0
1134,1135,57.0
1135,1136,60.0
1136,1137,80.0
1137,1138,54.0
1138,1139,69.97399816797882
1139,1140,98.0
1140,1141,60.0
1141,1142,43.9823228263517
1142,1143,77.0
1143,1144,66.57370217308882
1144,1145,60.0
1145,1146,52.0
1146,1147,75.70758640844659
1147,1148,75.0
1148,1149,52.87287582005216
1149,1150,50.0
1150,1151,57.0
1151,1152,134.0
1152,1153,90.0
1153,1154,65.74371869422833
1154,1155,86.08700031226223
1155,1156,90.0
1156,1157,85.0
1157,1158,34.0
1158,1159,92.0
1159,1160,76.0
1160,1161,24.0
1161,1162,62.557321948620185
1162,1163,109.0
1163,1164,60.0
1164,1165,87.08944893991851
1165,1166,79.0
1166,1167,64.0
1167,1168,58.0
1168,1169,120.0
1169,1170,118.0
1170,1171,76.0
1171,1172,76.0
1172,1173,35.0
1173,1174,138.0
1174,1175,80.0
1175,1176,85.0
1176,1177,37.0
1177,1178,45.6072860873812
1178,1179,54.0
1179,1180,77.0
1180,1181,87.66504085908699
1181,1182,64.0
1182,1183,160.0
1183,1184,60.0
1184,1185,50.0
1185,1186,60.0
1186,1187,107.0
1187,1188,89.0
1188,1189,68.0
1189,1190,60.0
1190,1191,163.9865775431795
1191,1192,24.0
1192,1193,60.0
1193,1194,38.69231778920689
1194,1195,80.0
1195,1196,51.0
1196,1197,58.0
1197,1198,65.0
1198,1199,70.0
1199,1200,75.0
1200,1201,71.0
1201,1202,80.0
1202,1203,50.0
1203,1204,75.0
1204,1205,78.0
1205,1206,90.0
1206,1207,66.15852561693619
1207,1208,70.0
1208,1209,70.0
1209,1210,85.0
1210,1211,70.0
1211,1212,152.0
1212,1213,50.0
1213,1214,43.74152042378317
1214,1215,69.0
1215,1216,99.0
1216,1217,68.0
1217,1218,72.0
1218,1219,52.0
1219,1220,21.0
1220,1221,66.0
1221,1222,55.0
1222,1223,78.0
1223,1224,89.0
1224,1225,60.0
1225,1226,65.0
1226,1227,86.0
1227,1228,72.0
1228,1229,65.0
1229,1230,70.0
1230,1231,107.63466357658353
1231,1232,70.0
1232,1233,70.0
1233,1234,79.6932813475118
1234,1235,55.0
1235,1236,96.0
1236,1237,36.0
1237,1238,41.0
1238,1239,63.0
1239,1240,64.0
1240,1241,65.0
1241,1242,83.0
1242,1243,85.0
1243,1244,107.0
1244,1245,88.76525873289145
1245,1246,78.0
1246,1247,65.0
1247,1248,80.39077796184822
1248,1249,60.0
1249,1250,60.0
1250,1251,93.0
1251,1252,54.30975633778501
1252,1253,62.0
1253,1254,102.03808359964614
1254,1255,60.0
1255,1256,52.0
1256,1257,91.0
1257,1258,56.0
1258,1259,59.0
1259,1260,65.0
1260,1261,103.67640806997628
1261,1262,80.0
1262,1263,75.9151746865229
1263,1264,60.0
1264,1265,34.0
1265,1266,35.0
1266,1267,60.0
1267,1268,89.0
1268,1269,87.74770653687276
1269,1270,78.0
1270,1271,127.1687205435646
1271,1272,67.2213776006869
1272,1273,57.35931146558931
1273,1274,124.0
1274,1275,53.0
1275,1276,95.0
1276,1277,54.90976978428881
1277,1278,75.39873283042093
1278,1279,75.0
1279,1280,60.0
1280,1281,67.0
1281,1282,50.0
1282,1283,61.0
1283,1284,94.0
1284,1285,50.0
1285,1286,50.0
1286,1287,69.85359696669457
1287,1288,180.747255115061
1288,1289,40.0
1289,1290,86.0
1290,1291,99.87953514109725
1291,1292,21.0
1292,1293,60.0
1293,1294,78.0
1294,1295,60.0
1295,1296,70.0
1296,1297,80.0
1297,1298,35.0
1298,1299,313.0
1299,1300,75.0
1300,1301,45.883831453530725
1301,1302,60.34605383079942
1302,1303,92.0
1303,1304,73.0
1304,1305,32.0
1305,1306,108.0
1306,1307,48.0
1307,1308,60.0
1308,1309,100.0
1309,1310,58.905391180949806
1310,1311,100.0
1311,1312,68.0
1312,1313,68.94851207428184
1313,1314,108.0
1314,1315,60.0
1315,1316,85.0
1316,1317,61.0
1317,1318,47.0
1318,1319,62.56977724530477
1319,1320,75.0
1320,1321,70.0
1321,1322,68.80356991307319
1322,1323,107.0
1323,1324,50.0
1324,1325,75.0
1325,1326,40.0
1326,1327,70.0
1327,1328,60.0
1328,1329,60.0
1329,1330,63.0
1330,1331,85.0
1331,1332,55.0
1332,1333,67.0
1333,1334,60.0
1334,1335,24.0
1335,1336,80.0
1336,1337,87.0
1337,1338,153.0
1338,1339,95.0
1339,1340,120.0
1340,1341,70.0
1341,1342,66.0
1342,1343,68.13061425866117
1343,1344,57.0
1344,1345,85.0
1345,1346,50.0
1346,1347,87.48037061446234
1347,1348,93.0
1348,1349,96.44980715383178
1349,1350,50.0
1350,1351,91.0
1351,1352,70.0
1352,1353,50.0
1353,1354,56.0
1354,1355,72.03742565205738
1355,1356,102.0
1356,1357,80.63610176342303
1357,1358,53.253215325239836
1358,1359,37.99709981310356
1359,1360,129.0
1360,1361,51.0
1361,1362,124.0
1362,1363,71.96041523371682
1363,1364,73.0
1364,1365,30.0
1365,1366,60.34605383079942
1366,1367,68.0
1367,1368,41.0
1368,1369,47.62089238472143
1369,1370,48.0
1370,1371,90.0
1371,1372,80.0
1372,1373,75.0
1373,1374,76.53793952075185
1374,1375,85.0
1375,1376,89.0
1376,1377,52.0
1377,1378,60.0
1378,1379,21.0
1379,1380,73.0
1380,1381,45.0
1381,1382,94.95138941956559
1382,1383,60.0
1383,1384,134.4093996828664
1384,1385,60.0
1385,1386,40.0
1386,1387,80.0
1387,1388,60.0
1388,1389,42.0
1389,1390,60.0
1390,1391,70.0
1391,1392,65.0
1392,1393,68.0
1393,1394,60.0
1394,1395,53.0
1395,1396,88.0
1396,1397,266.6888022386546
1397,1398,51.0
1398,1399,60.0
1399,1400,51.0
1400,1401,50.0
1401,1402,62.0
1402,1403,64.0
1403,1404,49.0
1404,1405,60.0
1405,1406,44.0
1406,1407,70.0
1407,1408,77.74232116703922
1408,1409,60.0
1409,1410,46.0
1410,1411,79.0
1411,1412,80.0
1412,1413,60.0
1413,1414,88.0
1414,1415,64.0
1415,1416,51.0
1416,1417,60.0
1417,1418,97.89877333480445
1418,1419,71.0
1419,1420,97.21788378271415
1420,1421,90.0
1421,1422,53.0
1422,1423,37.0
1423,1424,82.95079438683717
1424,1425,68.66204025053652
1425,1426,80.0
1426,1427,81.0
1427,1428,60.0
1428,1429,60.0
1429,1430,93.37787027174713
1430,1431,60.0
1431,1432,49.66771280655388
1432,1433,60.0
1433,1434,93.0
1434,1435,80.0
1435,1436,80.0
1436,1437,60.0
1437,1438,96.0
1438,1439,90.0
1439,1440,80.0
1440,1441,79.0
1441,1442,47.583526494667694
1442,1443,85.0
1443,1444,65.96754440110598
1444,1445,63.0
1445,1446,70.0
1446,1447,109.73798578980461
1447,1448,80.0
1448,1449,70.0
1449,1450,21.0
1450,1451,60.0
1451,1452,78.0
1452,1453,35.0
1453,1454,90.0
1454,1455,62.0
1455,1456,62.0
1456,1457,85.0
1457,1458,66.0
1458,1459,68.0
1459,1460,75.0
1460,1461,80.0
1461,1462,81.0
1462,1463,74.0
1463,1464,78.0
1464,1465,43.0
1465,1466,75.0
1466,1467,62.338901300332026
1467,1468,63.0
1468,1469,85.0
1469,1470,70.0
1470,1471,26.0
1471,1472,21.0
1472,1473,21.0
1473,1474,24.0
1474,1475,24.0
1475,1476,102.0
1476,1477,94.0
1477,1478,90.0
1478,1479,79.0
1479,1480,110.0
1480,1481,105.0
1481,1482,41.0
1482,1483,100.0
1483,1484,43.0
1484,1485,67.0
1485,1486,63.0
1486,1487,60.0
1487,1488,73.0
1488,1489,92.0
1489,1490,84.0
1490,1491,70.0
1491,1492,70.0
1492,1493,39.0
1493,1494,85.0
1494,1495,88.0
1495,1496,25.0
1496,1497,39.0
1497,1498,30.0
1498,1499,24.0
1499,1500,24.0
1500,1501,53.662080910186916
1501,1502,29.986065406686322
1502,1503,57.0
1503,1504,68.0
1504,1505,80.0
1505,1506,72.61867283067104
1506,1507,80.0
1507,1508,107.41462000182264
1508,1509,80.0
1509,1510,80.0
1510,1511,90.0
1511,1512,88.0
1512,1513,73.21652707153083
1513,1514,98.0
1514,1515,68.0
1515,1516,120.0
1516,1517,75.0
1517,1518,70.0
1518,1519,70.0
1519,1520,62.62952488963887
1520,1521,87.0
1521,1522,80.0
1522,1523,60.0
1523,1524,60.0
1524,1525,119.0
1525,1526,70.0
1526,1527,65.0
1527,1528,60.0
1528,1529,81.0
1529,1530,80.0
1530,1531,60.0
1531,1532,56.0
1532,1533,69.0
1533,1534,50.0
1534,1535,69.0
1535,1536,63.41420858076734
1536,1537,68.0
1537,1538,60.0
1538,1539,50.0
1539,1540,100.0
1540,1541,60.0
1541,1542,53.0
1542,1543,73.6445285578128
1543,1544,50.0
1544,1545,50.0
1545,1546,50.0
1546,1547,53.0
1547,1548,50.0
1548,1549,52.0
1549,1550,52.0
1550,1551,51.0
1551,1552,57.0
1552,1553,60.0
1553,1554,52.0
1554,1555,100.0
1555,1556,72.0
1556,1557,60.0
1557,1558,65.0
1558,1559,55.98254822563533
1559,1560,60.0
1560,1561,72.0
1561,1562,65.0
1562,1563,65.0
1563,1564,60.03051964812343
1564,1565,86.0
1565,1566,112.50053281469232
1566,1567,94.0
1567,1568,72.12298980237671
1568,1569,124.0
1569,1570,65.0
1570,1571,50.0
1571,1572,75.0
1572,1573,44.0
1573,1574,47.70230476947923
1574,1575,83.0
1575,1576,87.0
1576,1577,64.0
1577,1578,82.0
1578,1579,82.0
1579,1580,67.97284716732317
1580,1581,38.0
1581,1582,68.0
1582,1583,80.0
1583,1584,75.0
1584,1585,47.62089238472143
1585,1586,67.0
1586,1587,68.0
1587,1588,60.0
1588,1589,89.0
1589,1590,65.0
1590,1591,64.0
1591,1592,67.0
1592,1593,74.04724981728086
1593,1594,60.0
1594,1595,51.0
1595,1596,78.0
1596,1597,78.0
1597,1598,85.0
1598,1599,35.0
1599,1600,35.0
1600,1601,58.0
1601,1602,50.0
1602,1603,66.0
1603,1604,44.0
1604,1605,85.0
1605,1606,74.0
1606,1607,82.18434068442755
1607,1608,88.0
1608,1609,73.0
1609,1610,73.0
1610,1611,85.0
1611,1612,93.0
1612,1613,78.51002816247683
1613,1614,31.0
1614,1615,21.0
1615,1616,21.0
1616,1617,21.0
1617,1618,50.0
1618,1619,76.0
1619,1620,70.0
1620,1621,63.0
1621,1622,68.0
1622,1623,76.0
1623,1624,74.0
1624,1625,74.0
1625,1626,85.0
1626,1627,88.0
1627,1628,78.16543162087012
1628,1629,60.0
1629,1630,28.0
1630,1631,61.0
1631,1632,57.0
1632,1633,57.0
1633,1634,60.0
1634,1635,65.75580435746814
1635,1636,58.0
1636,1637,85.0
1637,1638,84.21870580957543
1638,1639,80.0
1639,1640,80.63988389553978
1640,1641,80.0
1641,1642,70.0
1642,1643,60.34605383079942
1643,1644,76.45527384296608
1644,1645,40.117029088570746
1645,1646,78.0
1646,1647,85.0
1647,1648,61.716136466103094
1648,1649,64.53933704794095
1649,1650,60.0
1650,1651,60.0
1651,1652,21.0
1652,1653,21.0
1653,1654,24.0
1654,1655,24.0
1655,1656,24.0
1656,1657,24.0
1657,1658,24.0
1658,1659,24.0
1659,1660,73.67322128329872
1660,1661,110.0
1661,1662,95.0
1662,1663,95.0
1663,1664,105.0
1664,1665,95.0
1665,1666,129.0
1666,1667,59.0
1667,1668,87.0
1668,1669,77.0
1669,1670,102.0
1670,1671,90.0
1671,1672,110.0
1672,1673,96.0
1673,1674,70.0
1674,1675,47.0
1675,1676,34.0
1676,1677,80.0
1677,1678,100.0
1678,1679,117.0
1679,1680,44.0
1680,1681,48.0
1681,1682,129.0
1682,1683,48.0
1683,1684,63.0
1684,1685,57.0
1685,1686,43.0
1686,1687,59.0
1687,1688,62.0
1688,1689,61.0
1689,1690,66.4283903784354
1690,1691,63.14434381926813
1691,1692,94.8102293904737
1692,1693,61.0
1693,1694,42.0
1694,1695,62.0
1695,1696,67.19899584640655
1696,1697,64.0
1697,1698,106.0
1698,1699,45.83401026679241
1699,1700,79.0
1700,1701,77.75025506471752
1701,1702,86.0
1702,1703,78.0
1703,1704,85.0
1704,1705,76.0
1705,1706,85.0
1706,1707,90.0
1707,1708,72.0
1708,1709,112.0
1709,1710,75.0
1710,1711,84.0
1711,1712,65.0
1712,1713,85.0
1713,1714,68.0
1714,1715,65.0
1715,1716,80.0
1716,1717,63.0
1717,1718,63.0
1718,1719,96.0
1719,1720,76.0
1720,1721,63.0
1721,1722,63.0
1722,1723,60.0
1723,1724,61.0
1724,1725,43.0
1725,1726,70.0
1726,1727,50.0
1727,1728,70.0
1728,1729,43.85776985950591
1729,1730,75.0
1730,1731,63.0
1731,1732,76.57567504425035
1732,1733,66.90169165244939
1733,1734,67.88566009053112
1734,1735,61.55421760920356
1735,1736,65.0
1736,1737,94.29088906183813
1737,1738,78.81725881402977
1738,1739,32.0
1739,1740,45.10907421999804
1740,1741,46.71580749230871
1741,1742,34.0
1742,1743,35.0
1743,1744,90.21385528041935
1744,1745,110.0
1745,1746,80.0
1746,1747,54.06280960973746
1747,1748,80.0
1748,1749,80.0
1749,1750,75.0
1750,1751,86.39423096381518
1751,1752,62.0
1752,1753,80.0
1753,1754,80.0
1754,1755,97.71194388453577
1755,1756,60.0
1756,1757,65.0
1757,1758,80.52400409326182
1758,1759,97.31789578963554
1759,1760,85.0
1760,1761,115.0
1761,1762,78.53115662372922
1762,1763,85.0
1763,1764,68.0
1764,1765,90.0
1765,1766,92.0
1766,1767,80.0
1767,1768,73.0
1768,1769,80.21225204270257
1769,1770,66.0
1770,1771,70.0
1771,1772,70.0
1772,1773,80.0
1773,1774,76.0
1774,1775,53.0
1775,1776,67.0
1776,1777,80.0
1777,1778,60.0
1778,1779,75.0
1779,1780,78.0
1780,1781,60.0
1781,1782,53.0
1782,1783,60.0
1783,1784,80.0
1784,1785,60.0
1785,1786,60.0
1786,1787,60.0
1787,1788,90.0
1788,1789,60.0
1789,1790,60.0
1790,1791,81.0
1791,1792,83.0
1792,1793,77.0
1793,1794,62.0
1794,1795,90.0
1795,1796,80.0
1796,1797,60.0
1797,1798,71.0
1798,1799,60.0
1799,1800,80.0
1800,1801,60.0
1801,1802,60.0
1802,1803,76.0
1803,1804,75.0
1804,1805,80.0
1805,1806,68.0
1806,1807,57.0
1807,1808,90.0
1808,1809,90.0
1809,1810,57.0
1810,1811,63.0
1811,1812,56.0
1812,1813,50.0
1813,1814,62.0
1814,1815,50.0
1815,1816,60.0
1816,1817,60.0
1817,1818,70.0
1818,1819,60.0
1819,1820,42.90863847238913
1820,1821,60.0
1821,1822,60.0
1822,1823,72.0
1823,1824,56.67174130884868
1824,1825,50.0
1825,1826,60.0
1826,1827,51.0
1827,1828,51.0
1828,1829,50.0
1829,1830,57.0
1830,1831,68.0
1831,1832,50.0
1832,1833,57.0
1833,1834,65.26626565465281
1834,1835,41.0
1835,1836,60.0
1836,1837,86.0
1837,1838,60.0
1838,1839,50.0
1839,1840,60.0
1840,1841,72.99648349676994
1841,1842,60.0
1842,1843,75.0
1843,1844,34.47477969045656
1844,1845,88.0
1845,1846,88.0
1846,1847,93.90892663017772
1847,1848,78.65570959057501
1848,1849,66.1153850348482
1849,1850,68.0
1850,1851,50.0
1851,1852,62.0
1852,1853,42.0
1853,1854,74.0
1854,1855,66.0
1855,1856,85.0
1856,1857,120.0
1857,1858,64.0
1858,1859,64.0
1859,1860,64.0
1860,1861,64.0
1861,1862,78.4269928512463
1862,1863,62.168678912309446
1863,1864,62.32229423808593
1864,1865,84.0
1865,1866,65.0
1866,1867,71.0
1867,1868,77.0
1868,1869,64.0
1869,1870,95.0
1870,1871,78.0
1871,1872,79.0
1872,1873,70.52871182675062
1873,1874,65.0
1874,1875,65.0
1875,1876,70.0
1876,1877,65.0
1877,1878,75.0
1878,1879,68.74760440085583
1879,1880,76.0
1880,1881,90.0
1881,1882,80.41568855521737
1882,1883,70.0
1883,1884,87.9971821040091
1884,1885,90.0
1885,1886,82.27567952678115
1886,1887,70.0
1887,1888,85.0
1888,1889,85.0
1889,1890,80.0
1890,1891,35.0
1891,1892,64.0
1892,1893,70.0
1893,1894,65.0
1894,1895,70.0
1895,1896,45.0
1896,1897,70.0
1897,1898,43.0
1898,1899,64.0
1899,1900,53.0
1900,1901,60.0
1901,1902,80.0
1902,1903,75.10595003547004
1903,1904,70.0
1904,1905,90.0
1905,1906,78.0
1906,1907,100.0
1907,1908,24.0
1908,1909,24.0
1909,1910,24.0
1910,1911,85.7008861150403
1911,1912,102.26643070553007
1912,1913,50.0
1913,1914,60.0
1914,1915,44.0
1915,1916,109.0
1916,1917,75.0
1917,1918,75.0
1918,1919,72.0
1919,1920,82.0
1920,1921,113.0
1921,1922,79.0
1922,1923,42.051751840241984
1923,1924,125.0
1924,1925,75.0
1925,1926,85.0
1926,1927,75.0
1927,1928,83.0
1928,1929,50.0
1929,1930,62.0
1930,1931,70.0
1931,1932,62.0
1932,1933,70.0
1933,1934,72.0
1934,1935,65.0
1935,1936,59.0
1936,1937,103.72407005107058
1937,1938,53.0
1938,1939,45.0
1939,1940,39.0
1940,1941,73.0
1941,1942,101.65195576223942
1942,1943,65.0
1943,1944,101.0
1944,1945,53.0
1945,1946,149.62749359318858
1946,1947,60.0
1947,1948,225.5032878683141
1948,1949,63.0
1949,1950,74.15067432287424
1950,1951,56.0
1951,1952,85.0
1952,1953,90.0
1953,1954,80.0
1954,1955,75.0
1955,1956,93.2325584770937
1956,1957,80.0
1957,1958,102.66498655925182
1958,1959,60.0
1959,1960,68.0
1960,1961,63.0
1961,1962,21.0
1962,1963,21.0
1963,1964,21.0
1964,1965,24.0
1965,1966,24.0
1966,1967,98.0
1967,1968,105.0
1968,1969,104.0
1969,1970,108.0
1970,1971,96.0
1971,1972,102.0
1972,1973,74.0
1973,1974,85.0
1974,1975,106.0
1975,1976,92.0
1976,1977,130.0
1977,1978,112.0
1978,1979,58.0
1979,1980,135.0
1980,1981,89.0
1981,1982,48.0
1982,1983,48.0
1983,1984,36.0
1984,1985,45.56576843176593
1985,1986,45.56576843176593
1986,1987,53.0
1987,1988,80.0
1988,1989,62.46345426717782
1989,1990,64.06603577392696
1990,1991,55.0
1991,1992,71.0
1992,1993,61.383995221180996
1993,1994,41.0
1994,1995,77.0
1995,1996,84.0
1996,1997,65.67879393912759
1997,1998,136.0
1998,1999,97.0
1999,2000,50.72894186383187
2000,2001,91.0
2001,2002,74.0
2002,2003,73.0
2003,2004,80.0
2004,2005,87.0
2005,2006,72.0
2006,2007,85.0
2007,2008,62.0
2008,2009,68.0
2009,2010,67.0
2010,2011,63.0
2011,2012,81.0
2012,2013,65.0
2013,2014,50.0
2014,2015,43.0
2015,2016,65.0
2016,2017,75.0
2017,2018,70.0
2018,2019,75.0
2019,2020,65.0
2020,2021,60.0
2021,2022,95.0
2022,2023,70.0
2023,2024,67.4248141132017
2024,2025,105.0
2025,2026,37.0
2026,2027,30.0
2027,2028,30.0
2028,2029,24.0
2029,2030,48.990975020025104
2030,2031,48.04852423755864
2031,2032,42.0
2032,2033,35.0
2033,2034,24.0
2034,2035,79.0
2035,2036,24.0
2036,2037,24.0
2037,2038,36.0
2038,2039,22.0
2039,2040,103.2197138582084
2040,2041,103.0
2041,2042,60.34605383079942
2042,2043,75.30901691454008
2043,2044,85.0
2044,2045,65.08574717558969
2045,2046,75.0
2046,2047,73.0
2047,2048,65.0
2048,2049,72.0
2049,2050,84.6546411935357
2050,2051,74.0
2051,2052,90.0
2052,2053,88.33762688005424
2053,2054,50.0
2054,2055,80.0
2055,2056,80.0
2056,2057,63.0
2057,2058,90.0
2058,2059,74.0
2059,2060,82.0
2060,2061,90.0
2061,2062,75.0
2062,2063,60.0
2063,2064,102.0
2064,2065,82.24246540228893
2065,2066,95.0
2066,2067,71.0
2067,2068,76.0
2068,2069,60.0
2069,2070,45.0
2070,2071,60.0
2071,2072,60.0
2072,2073,78.0
2073,2074,76.0
2074,2075,82.88598906432549
2075,2076,60.0
2076,2077,80.0
2077,2078,80.0
2078,2079,60.0
2079,2080,64.0
2080,2081,60.0
2081,2082,113.0
2082,2083,60.0
2083,2084,60.0
2084,2085,69.0
2085,2086,56.0
2086,2087,57.0
2087,2088,80.0
2088,2089,60.0
2089,2090,60.0
2090,2091,63.0
2091,2092,63.0
2092,2093,81.0
2093,2094,60.0
2094,2095,60.0
2095,2096,60.0
2096,2097,44.0
2097,2098,75.0
2098,2099,62.0
2099,2100,103.0
2100,2101,69.0
2101,2102,53.0
2102,2103,69.0
2103,2104,60.0
2104,2105,60.0
2105,2106,60.0
2106,2107,60.0
2107,2108,65.0
2108,2109,52.0
2109,2110,55.0
2110,2111,72.11667883117114
2111,2112,58.311688705651555
2112,2113,50.0
2113,2114,59.0
2114,2115,50.0
2115,2116,50.0
2116,2117,50.0
2117,2118,50.0
2118,2119,50.0
2119,2120,60.0
2120,2121,99.0
2121,2122,52.0
2122,2123,54.61661735589318
2123,2124,52.0
2124,2125,51.0
2125,2126,60.0
2126,2127,57.0
2127,2128,63.0
2128,2129,55.32656926691418
2129,2130,60.0
2130,2131,60.0
2131,2132,72.05403271430347
2132,2133,60.0
2133,2134,62.0
2134,2135,60.0
2135,2136,60.0
2136,2137,82.0
2137,2138,87.93490562058619
2138,2139,80.0
2139,2140,68.0
2140,2141,33.18358060082189
2141,2142,82.72859160643227
2142,2143,31.925595635679432
2143,2144,60.0
2144,2145,94.0
2145,2146,88.0
2146,2147,85.01621443083323
2147,2148,63.0
2148,2149,71.55582084692033
2149,2150,82.0
2150,2151,50.0
2151,2152,85.0
2152,2153,68.0
2153,2154,50.0
2154,2155,50.0
2155,2156,81.85672083851176
2156,2157,80.0
2157,2158,60.03720025277375
2158,2159,85.0
2159,2160,65.0
2160,2161,65.0
2161,2162,91.0
2162,2163,91.0
2163,2164,88.84414227856045
2164,2165,48.947834437937104
2165,2166,65.0
2166,2167,65.31156544238483
2167,2168,95.85232254641679
2168,2169,68.0
2169,2170,75.0
2170,2171,80.06694024804918
2171,2172,67.47048353437849
2172,2173,40.0
2173,2174,72.38617395922559
2174,2175,41.55769173842036
2175,2176,62.89776672466534
2176,2177,41.0
2177,2178,96.0
2178,2179,47.583526494667694
2179,2180,83.0
2180,2181,75.0
2181,2182,85.0
2182,2183,74.0
2183,2184,75.0
2184,2185,64.0
2185,2186,65.0
2186,2187,41.21724696237521
2187,2188,72.0
2188,2189,123.0
2189,2190,65.0
2190,2191,74.0
2191,2192,56.0
2192,2193,60.0
2193,2194,57.0
2194,2195,68.0
2195,2196,62.0
2196,2197,67.0
2197,2198,60.0
2198,2199,64.0
2199,2200,66.0
2200,2201,63.0
2201,2202,54.0
2202,2203,81.35435720556708
2203,2204,77.78346918920971
2204,2205,67.65316121908565
2205,2206,79.0
2206,2207,100.0
2207,2208,70.0
2208,2209,56.0
2209,2210,24.0
2210,2211,50.0
2211,2212,60.0
2212,2213,58.0
2213,2214,75.0
2214,2215,60.0
2215,2216,75.0
2216,2217,80.0
2217,2218,60.0
2218,2219,52.0
2219,2220,60.0
2220,2221,44.0
2221,2222,44.0
2222,2223,127.72920889437063
2223,2224,75.08482157421764
2224,2225,76.0
2225,2226,74.0
2226,2227,42.0
2227,2228,74.0
2228,2229,107.0
2229,2230,73.0
2230,2231,81.0
2231,2232,75.0
2232,2233,93.0
2233,2234,82.0
2234,2235,62.06903653883282
2235,2236,79.0
2236,2237,85.0
2237,2238,97.0
2238,2239,77.0
2239,2240,32.0
2240,2241,150.0
2241,2242,46.74486985123939
2242,2243,41.0
2243,2244,21.0
2244,2245,21.0
2245,2246,115.9344125675193
2246,2247,21.0
2247,2248,59.0
2248,2249,60.0
2249,2250,74.0
2250,2251,264.1977429017389
2251,2252,85.0
2252,2253,56.0
2253,2254,43.33049563319207
2254,2255,65.06661127425478
2255,2256,63.0
2256,2257,60.0
2257,2258,80.96409124278361
2258,2259,32.98429585386863
2259,2260,160.0
2260,2261,38.0
2261,2262,35.0
2262,2263,98.0
2263,2264,52.0
2264,2265,195.0
2265,2266,61.0
2266,2267,85.0
2267,2268,81.0
2268,2269,74.71116267368029
2269,2270,78.0
2270,2271,93.0
2271,2272,61.0
2272,2273,79.0
2273,2274,80.0
2274,2275,128.0
2275,2276,64.0
2276,2277,80.0
2277,2278,63.0
2278,2279,66.0
2279,2280,91.41558865502888
2280,2281,33.0
2281,2282,26.0
2282,2283,21.0
2283,2284,21.0
2284,2285,24.0
2285,2286,65.0
2286,2287,96.0
2287,2288,91.0
2288,2289,110.0
2289,2290,107.0
2290,2291,110.0
2291,2292,105.0
2292,2293,107.0
2293,2294,118.0
2294,2295,59.0
2295,2296,134.0
2296,2297,82.0
2297,2298,94.0
2298,2299,99.0
2299,2300,110.0
2300,2301,81.38720169661451
2301,2302,70.0
2302,2303,71.0
2303,2304,92.0
2304,2305,34.0
2305,2306,34.0
2306,2307,41.0
2307,2308,34.0
2308,2309,48.0
2309,2310,48.0
2310,2311,48.0
2311,2312,59.0
2312,2313,65.0
2313,2314,58.0
2314,2315,62.0
2315,2316,63.0
2316,2317,88.0
2317,2318,72.0
2318,2319,64.0
2319,2320,64.0
2320,2321,44.241355217639054
2321,2322,53.0
2322,2323,65.0
2323,2324,87.0
2324,2325,59.0
2325,2326,90.90341799707747
2326,2327,63.0
2327,2328,65.49424312709199
2328,2329,58.0
2329,2330,59.0
2330,2331,100.0
2331,2332,89.0
2332,2333,74.0
2333,2334,83.0
2334,2335,88.0
2335,2336,82.0
2336,2337,75.0
2337,2338,91.0
2338,2339,76.0
2339,2340,98.0
2340,2341,85.0
2341,2342,74.0
2342,2343,70.0
2343,2344,70.0
2344,2345,75.0
2345,2346,72.0
2346,2347,75.0
2347,2348,72.0
2348,2349,81.0
2349,2350,112.0
2350,2351,84.0
2351,2352,100.0
2352,2353,85.0
2353,2354,63.0
2354,2355,63.0
2355,2356,60.0
2356,2357,65.0
2357,2358,89.50427300284312
2358,2359,50.0
2359,2360,64.0
2360,2361,84.0
2361,2362,110.25857941146813
2362,2363,44.0
2363,2364,43.0
2364,2365,45.0
2365,2366,80.0
2366,2367,32.0
2367,2368,40.0
2368,2369,30.0
2369,2370,24.0
2370,2371,24.0
2371,2372,73.0
2372,2373,62.46345426717782
2373,2374,106.0
2374,2375,50.0
2375,2376,80.0
2376,2377,94.0
2377,2378,78.0
2378,2379,80.0
2379,2380,65.42366311254604
2380,2381,130.0
2381,2382,108.0
2382,2383,80.0
2383,2384,78.0
2384,2385,88.0
2385,2386,80.0
2386,2387,70.0
2387,2388,74.45790497442718
2388,2389,74.0
2389,2390,60.80942864721763
2390,2391,76.0
2391,2392,70.0
2392,2393,80.0
2393,2394,80.0
2394,2395,80.0
2395,2396,76.46320774064438
2396,2397,132.63696542153946
2397,2398,85.0
2398,2399,50.0
2399,2400,51.0
2400,2401,50.0
2401,2402,80.0
2402,2403,63.0
2403,2404,70.9330560126914
2404,2405,100.0
2405,2406,73.0
2406,2407,65.0
2407,2408,60.0
2408,2409,70.0
2409,2410,80.0
2410,2411,72.0
2411,2412,70.0
2412,2413,75.0
2413,2414,60.0
2414,2415,70.0
2415,2416,60.0
2416,2417,68.0
2417,2418,71.0
2418,2419,55.0
2419,2420,70.0
2420,2421,75.0
2421,2422,94.73512797692143
2422,2423,60.0
2423,2424,79.44002364825869
2424,2425,113.0
2425,2426,60.0
2426,2427,60.0
2427,2428,93.0
2428,2429,75.0
2429,2430,66.0
2430,2431,60.0
2431,2432,60.34605383079942
2432,2433,70.0
2433,2434,70.0
2434,2435,80.0
2435,2436,70.0
2436,2437,60.0
2437,2438,66.0
2438,2439,60.0
2439,2440,50.0
2440,2441,56.0
2441,2442,56.0
2442,2443,60.0
2443,2444,120.0
2444,2445,50.0
2445,2446,57.0
2446,2447,72.12461272884943
2447,2448,53.0
2448,2449,35.0
2449,2450,56.0
2450,2451,60.0
2451,2452,75.0
2452,2453,52.0
2453,2454,76.0
2454,2455,55.0
2455,2456,55.0
2456,2457,50.0
2457,2458,50.0
2458,2459,51.0
2459,2460,55.11482922327633
2460,2461,52.0
2461,2462,52.0
2462,2463,51.0
2463,2464,47.0
2464,2465,60.0
2465,2466,60.0
2466,2467,64.95488323753835
2467,2468,40.0
2468,2469,40.0
2469,2470,120.0
2470,2471,60.0
2471,2472,60.0
2472,2473,52.0
2473,2474,60.0
2474,2475,107.0
2475,2476,59.0
2476,2477,75.0
2477,2478,75.0
2478,2479,62.0
2479,2480,65.0
2480,2481,77.68797858129463
2481,2482,70.0
2482,2483,86.0
2483,2484,64.07433930505
2484,2485,75.20559240894669
2485,2486,81.0
2486,2487,99.0
2487,2488,70.0
2488,2489,91.0
2489,2490,85.0
2490,2491,66.57370217308882
2491,2492,87.270623130742
2492,2493,114.11593925157081
2493,2494,123.41967624150638
2494,2495,84.0
2495,2496,102.0
2496,2497,70.0
2497,2498,60.0
2498,2499,49.010110921359995
2499,2500,39.0
2500,2501,58.0
2501,2502,60.0
2502,2503,50.0
2503,2504,104.0
2504,2505,75.0
2505,2506,71.0
2506,2507,93.0
2507,2508,66.0
2508,2509,75.0
2509,2510,73.0
2510,2511,64.0
2511,2512,78.0
2512,2513,66.08794560239025
2513,2514,155.0
2514,2515,60.22818146860396
2515,2516,57.0
2516,2517,60.0
2517,2518,70.0
2518,2519,47.0
2519,2520,43.0
2520,2521,68.0
2521,2522,65.85129496538325
2522,2523,97.0
2523,2524,59.0
2524,2525,72.0
2525,2526,45.0
2526,2527,39.0
2527,2528,75.0
2528,2529,60.0
2529,2530,60.0
2530,2531,76.34695830492163
2531,2532,70.0
2532,2533,65.0
2533,2534,73.0
2534,2535,82.05148418645871
2535,2536,104.79107380038282
2536,2537,73.0
2537,2538,70.0
2538,2539,65.0
2539,2540,64.0
2540,2541,64.0
2541,2542,64.0
2542,2543,75.0
2543,2544,67.0
2544,2545,74.0
2545,2546,80.0
2546,2547,65.0
2547,2548,40.87265042076853
2548,2549,60.0
2549,2550,128.0
2550,2551,35.0
2551,2552,64.0
2552,2553,74.0
2553,2554,52.0
2554,2555,62.0
2555,2556,60.0
2556,2557,60.0
2557,2558,60.0
2558,2559,54.0
2559,2560,51.0
2560,2561,63.0
2561,2562,53.0
2562,2563,53.0
2563,2564,60.0
2564,2565,126.0
2565,2566,110.0
2566,2567,79.0
2567,2568,107.01027581588187
2568,2569,90.7934795325603
2569,2570,24.0
2570,2571,103.40401446938827
2571,2572,35.0
2572,2573,127.20230430150158
2573,2574,70.0
2574,2575,50.0
2575,2576,50.0
2576,2577,50.0
2577,2578,46.0
2578,2579,64.0
2579,2580,75.0
2580,2581,65.0
2581,2582,60.0
2582,2583,59.0
2583,2584,51.64648205292917
2584,2585,80.0
2585,2586,44.0
2586,2587,42.421258975217825
2587,2588,65.53576078270726
2588,2589,82.0
2589,2590,46.0
2590,2591,149.0
2591,2592,67.0
2592,2593,68.0
2593,2594,42.0
2594,2595,57.09937316168589
2595,2596,80.0
2596,2597,61.4960928913422
2597,2598,78.19864574536234
2598,2599,85.0
2599,2600,200.0
2600,2601,62.0
2601,2602,21.0
2602,2603,35.57246872517222
2603,2604,21.0
2604,2605,21.0
2605,2606,72.0
2606,2607,107.53954260211322
2607,2608,61.0
2608,2609,68.0
2609,2610,50.0
2610,2611,124.0
2611,2612,86.95924071362754
2612,2613,65.0
2613,2614,62.0
2614,2615,74.98933096630256
2615,2616,85.0
2616,2617,90.13534136819513
2617,2618,164.71566535553538
2618,2619,90.0
2619,2620,60.0
2620,2621,83.35098680721643
2621,2622,54.0
2622,2623,50.0
2623,2624,42.0
2624,2625,68.0
2625,2626,62.73747079423855
2626,2627,30.0
2627,2628,59.0
2628,2629,60.0
2629,2630,63.0
2630,2631,82.0
2631,2632,92.0
2632,2633,60.0
2633,2634,90.0
2634,2635,86.6931444440603
2635,2636,81.0
2636,2637,70.42238884862365
2637,2638,75.0
2638,2639,81.0
2639,2640,80.0
2640,2641,60.0
2641,2642,26.0
2642,2643,24.0
2643,2644,24.0
2644,2645,21.0
2645,2646,21.0
2646,2647,21.0
2647,2648,53.0
2648,2649,65.0
2649,2650,24.0
2650,2651,24.0
2651,2652,72.0
2652,2653,110.0
2653,2654,108.0
2654,2655,120.0
2655,2656,120.0
2656,2657,82.0
2657,2658,103.0
2658,2659,82.0
2659,2660,82.0
2660,2661,121.0
2661,2662,131.0
2662,2663,96.1554014324082
2663,2664,48.0
2664,2665,61.0
2665,2666,48.0
2666,2667,65.0
2667,2668,65.0
2668,2669,102.0
2669,2670,96.0
2670,2671,75.0
2671,2672,43.0
2672,2673,41.40569933911662
2673,2674,41.96203592436114
2674,2675,43.0
2675,2676,59.0
2676,2677,65.15379835104683
2677,2678,93.50203996496336
2678,2679,84.0
2679,2680,83.0
2680,2681,67.54106354892444
2681,2682,83.0
2682,2683,114.0
2683,2684,71.70528440713528
2684,2685,81.45778171116046
2685,2686,75.0
2686,2687,49.0
2687,2688,85.0
2688,2689,72.0
2689,2690,100.0
2690,2691,65.0
2691,2692,74.0
2692,2693,91.0
2693,2694,63.0
2694,2695,65.0
2695,2696,74.0
2696,2697,70.0
2697,2698,70.0
2698,2699,50.0
2699,2700,50.0
2700,2701,66.65258571875782
2701,2702,70.0
2702,2703,68.0
2703,2704,67.57012590785511
2704,2705,39.84716432707154
2705,2706,65.0
2706,2707,65.07076303981631
2707,2708,55.39137458942586
2708,2709,62.504971922793075
2709,2710,65.69767963960678
2710,2711,100.0
2711,2712,105.0
2712,2713,34.0
2713,2714,24.0
2714,2715,41.6548052728082
2715,2716,38.472274214446
2716,2717,114.0
2717,2718,60.0
2718,2719,79.0
2719,2720,78.0
2720,2721,80.0
2721,2722,72.0
2722,2723,78.0
2723,2724,70.0
2724,2725,69.72489223428725
2725,2726,80.0
2726,2727,80.0
2727,2728,44.248035822289374
2728,2729,85.0
2729,2730,80.0
2730,2731,60.0
2731,2732,68.0
2732,2733,80.0
2733,2734,89.0
2734,2735,80.0
2735,2736,79.0
2736,2737,82.0
2737,2738,66.22910563148214
2738,2739,81.93523475073599
2739,2740,109.0
2740,2741,70.0
2741,2742,81.18828658310602
2742,2743,125.0
2743,2744,72.0
2744,2745,70.0
2745,2746,66.0
2746,2747,75.0
2747,2748,55.0
2748,2749,65.0
2749,2750,80.0
2750,2751,85.0
2751,2752,118.0
2752,2753,70.0
2753,2754,94.0
2754,2755,50.0
2755,2756,60.0
2756,2757,60.0
2757,2758,60.0
2758,2759,60.0
2759,2760,60.0
2760,2761,83.0
2761,2762,77.0
2762,2763,80.0
2763,2764,86.0
2764,2765,105.08132775624489
2765,2766,60.0
2766,2767,60.0
2767,2768,75.0
2768,2769,70.0
2769,2770,74.0
2770,2771,70.0
2771,2772,70.0
2772,2773,62.0
2773,2774,60.0
2774,2775,60.0
2775,2776,60.0
2776,2777,58.0
2777,2778,66.0
2778,2779,56.0
2779,2780,56.0
2780,2781,50.0
2781,2782,60.0
2782,2783,42.0
2783,2784,50.0
2784,2785,50.0
2785,2786,52.0
2786,2787,56.0
2787,2788,48.0
2788,2789,70.0
2789,2790,33.0
2790,2791,65.0
2791,2792,63.0
2792,2793,69.0
2793,2794,51.0
2794,2795,51.0
2795,2796,50.0
2796,2797,90.0
2797,2798,60.0
2798,2799,60.0
2799,2800,50.0
2800,2801,60.0
2801,2802,82.0
2802,2803,120.0
2803,2804,100.0
2804,2805,55.0
2805,2806,50.0
2806,2807,50.0
2807,2808,76.23486063476042
2808,2809,80.0
2809,2810,75.0
2810,2811,68.79489674850537
2811,2812,30.99560014989755
2812,2813,69.3221709748192
2813,2814,75.0
2814,2815,101.98411064734628
2815,2816,113.71700012421951
2816,2817,87.0
2817,2818,72.0
2818,2819,36.265813573947106
2819,2820,75.0
2820,2821,62.0
2821,2822,114.0
2822,2823,60.0
2823,2824,78.0
2824,2825,80.0
2825,2826,70.0
2826,2827,75.0
2827,2828,88.0
2828,2829,73.0
2829,2830,133.0
2830,2831,64.0
2831,2832,90.0
2832,2833,78.0
2833,2834,91.0
2834,2835,78.0
2835,2836,78.0
2836,2837,80.0
2837,2838,95.0
2838,2839,65.0
2839,2840,37.26061438224068
2840,2841,68.0
2841,2842,72.0
2842,2843,50.0
2843,2844,42.0
2844,2845,60.0
2845,2846,70.43484414530823
2846,2847,45.0
2847,2848,87.32459608304184
2848,2849,70.0
2849,2850,67.0
2850,2851,109.40934059868368
2851,2852,90.0
2852,2853,90.0
2853,2854,37.0
2854,2855,70.0
2855,2856,74.0
2856,2857,70.0
2857,2858,65.0
2858,2859,67.0
2859,2860,38.0
2860,2861,73.0
2861,2862,62.0
2862,2863,75.0
2863,2864,90.0
2864,2865,35.0
2865,2866,24.0
2866,2867,56.0
2867,2868,72.0
2868,2869,62.0
2869,2870,60.0
2870,2871,45.0
2871,2872,60.0
2872,2873,76.0
2873,2874,60.0
2874,2875,58.0
2875,2876,43.0
2876,2877,69.0
2877,2878,54.0
2878,2879,84.0
2879,2880,51.0
2880,2881,66.0
2881,2882,80.0
2882,2883,81.0
2883,2884,70.0
2884,2885,70.0
2885,2886,78.0
2886,2887,50.0
2887,2888,50.0
2888,2889,61.0
2889,2890,50.0
2890,2891,75.0
2891,2892,69.0
2892,2893,50.0
2893,2894,60.0
2894,2895,41.0
2895,2896,44.0
2896,2897,69.0
2897,2898,65.0
2898,2899,70.0
2899,2900,140.0
2900,2901,237.21957028294122
2901,2902,62.828809636592126
2902,2903,95.0
2903,2904,88.0
2904,2905,125.0
2905,2906,78.0
2906,2907,41.0
2907,2908,58.0
2908,2909,90.43011672306349
2909,2910,21.0
2910,2911,21.0
2911,2912,80.0
2912,2913,21.0
2913,2914,21.0
2914,2915,21.0
2915,2916,21.0
2916,2917,160.0
2917,2918,62.0
2918,2919,74.0
